[
    {
        "fromPath": "/mailers/automated/1.Meet-your-Installation-Managers-Web.html",
        "toPath": "https://mailer.innerspacedxb.com/automated/1.Meet-your-Installation-Managers-Web.html"
    },
    {
        "fromPath": "/mailers/automated/2.Pre-Production-Checks-Web.html",
        "toPath": "https://mailer.innerspacedxb.com/automated/2.Pre-Production-Checks-Web.html"
    },
    {
        "fromPath": "/mailers/automated/3.The-Kitchen-Installation-Process-Explained-Web.html",
        "toPath": "https://mailer.innerspacedxb.com/automated/3.The-Kitchen-Installation-Process-Explained-Web.html"
    },
    {
        "fromPath": "/mailers/automated/4.MEP-and-Building-Drawings-Web.html",
        "toPath": "https://mailer.innerspacedxb.com/automated/4.MEP-and-Building-Drawings-Web.html"
    },
    {
        "fromPath": "/mailers/automated/5.Your-Kitchen-Production-is-Confirmed-Web.html",
        "toPath": "https://mailer.innerspacedxb.com/automated/5.Your-Kitchen-Production-is-Confirmed-Web.html"
    },
    {
        "fromPath": "/mailers/automated/6.Site-Conditions-Explained-Web.html",
        "toPath": "https://mailer.innerspacedxb.com/automated/6.Site-Conditions-Explained-Web.html"
    },
    {
        "fromPath": "/mailers/automated/7.Pre-Installation-Checklist-Web.html",
        "toPath": "https://mailer.innerspacedxb.com/automated/7.Pre-Installation-Checklist-Web.html"
    },
    {
        "fromPath": "/mailers/automated/8.Your-Kitchen-is-On-the-Way-Web.html",
        "toPath": "https://mailer.innerspacedxb.com/automated/8.Your-Kitchen-is-On-the-Way-Web.html"
    },
    {
        "fromPath": "/mailers/automated/9.Kitchen-Arrived-in-Warehouse-Web.html",
        "toPath": "https://mailer.innerspacedxb.com/automated/9.Kitchen-Arrived-in-Warehouse-Web.html"
    },
    {
        "fromPath": "/mailers/automated/10.Your-Kitchen-Cabinets-Delivered-Web.html",
        "toPath": "https://mailer.innerspacedxb.com/automated/10.Your-Kitchen-Cabinets-Delivered-Web.html"
    },
    {
        "fromPath": "/mailers/automated/11.Your-Kitchen-Installation-has-Started-Web.html",
        "toPath": "https://mailer.innerspacedxb.com/automated/11.Your-Kitchen-Installation-has-Started-Web.html"
    },
    {
        "fromPath": "/mailers/automated/12.Worksurface-Templated-and-Under-Fabrication-Web.html",
        "toPath": "https://mailer.innerspacedxb.com/automated/12.Worksurface-Templated-and-Under-Fabrication-Web.html"
    },
    {
        "fromPath": "/mailers/automated/13.Worksurface-Installed-Web.html",
        "toPath": "https://mailer.innerspacedxb.com/automated/13.Worksurface-Installed-Web.html"
    },
    {
        "fromPath": "/mailers/automated/14.Appliances-Installed-Web.html",
        "toPath": "https://mailer.innerspacedxb.com/automated/14.Appliances-Installed-Web.html"
    },
    {
        "fromPath": "/mailers/automated/15.Sinks-and-Taps-Installed-Web.html",
        "toPath": "https://mailer.innerspacedxb.com/automated/15.Sinks-and-Taps-Installed-Web.html"
    },
    {
        "fromPath": "/mailers/automated/16.The-Quality-Control-Check-Web.html",
        "toPath": "https://mailer.innerspacedxb.com/automated/16.The-Quality-Control-Check-Web.html"
    },
    {
        "fromPath": "/mailers/automated/17.Substantial-Completion-Web.html",
        "toPath": "https://mailer.innerspacedxb.com/automated/17.Substantial-Completion-Web.html"
    },
    {
        "fromPath": "/mailers/automated/18.Your-Kitchen-is-Complete-Web.html",
        "toPath": "https://mailer.innerspacedxb.com/automated/18.Your-Kitchen-is-Complete-Web.html"
    }
]